{"loss": 1.5965526103973389, "ct_loss": 0.6202839612960815, "init_py_loss": 1.8181143999099731, "coarse_py_loss": 1.170929193496704, "py_loss_1": 1.006529688835144, "_timestamp": 1654774406, "_runtime": 1469, "_step": 1058, "lr": 0.0001}