{"loss": 12.011545181274414, "ct_loss": 4.889645099639893, "init_py_loss": 9.029147148132324, "coarse_py_loss": 8.115052223205566, "py_loss_1": 8.109650611877441, "_timestamp": 1656819435, "_runtime": 12, "_step": 2}