{"loss": 9.524398803710938, "ct_loss": 2.31500244140625, "init_py_loss": 7.3284173011779785, "coarse_py_loss": 6.649344444274902, "py_loss_1": 6.649296760559082, "_timestamp": 1653745452, "_runtime": 532, "_step": 350, "lr": 0.001}