{"loss": 13.186234474182129, "ct_loss": 2.3908278942108154, "init_py_loss": 16.38323974609375, "coarse_py_loss": 9.766363143920898, "py_loss_1": 9.832023620605469, "_timestamp": 1653744621, "_runtime": 91, "_step": 59, "lr": 0.0001, "_wandb": {"runtime": 93}}