{"loss": 6.613456726074219, "ct_loss": 2.4161269664764404, "init_py_loss": 7.960686683654785, "coarse_py_loss": 4.522319316864014, "py_loss_1": 4.393407344818115, "_timestamp": 1654775296, "_runtime": 37, "_step": 23, "lr": 0.0001}