{"loss": 15.938565254211426, "ct_loss": 2.7838001251220703, "init_py_loss": 20.277965545654297, "coarse_py_loss": 11.926830291748047, "py_loss_1": 11.984697341918945, "_timestamp": 1653744385, "_runtime": 90, "_step": 59, "lr": 0.0001, "_wandb": {"runtime": 93}}