{"loss": 0.6154887676239014, "ct_loss": 0.14790689945220947, "init_py_loss": 0.9281105399131775, "coarse_py_loss": 0.5494028925895691, "py_loss_1": 0.41929933428764343, "_timestamp": 1654947201, "_runtime": 3178, "_step": 1799, "lr": 0.0001, "_wandb": {"runtime": 3185}}