{"loss": 0.7634357213973999, "ct_loss": 0.45203331112861633, "init_py_loss": 0.4239997863769531, "coarse_py_loss": 0.31744521856307983, "py_loss_1": 0.30625948309898376, "_timestamp": 1654855806, "_runtime": 6904, "_step": 7999, "lr": 1.25e-05, "_wandb": {"runtime": 6908}}