{"loss": 4.4963178634643555, "ct_loss": 1.7582743167877197, "init_py_loss": 3.9535934925079346, "coarse_py_loss": 3.5412960052490234, "py_loss_1": 2.899771213531494, "_timestamp": 1654774950, "_runtime": 92, "_step": 59, "lr": 0.0001}