{"loss": 0.5306974053382874, "ct_loss": 0.049442268908023834, "init_py_loss": 1.0167495012283325, "coarse_py_loss": 0.517769992351532, "py_loss_1": 0.3983170688152313, "_timestamp": 1655271568, "_runtime": 13020, "_step": 7199, "lr": 1e-05, "_wandb": {"runtime": 13027}}