{"loss": 1.2784866094589233, "ct_loss": 0.5711503624916077, "init_py_loss": 1.5088547468185425, "coarse_py_loss": 0.8792822957038879, "py_loss_1": 0.7017762660980225, "_timestamp": 1655819067, "_runtime": 1557, "_step": 879, "lr": 0.0001, "_wandb": {"runtime": 1559}}