{"loss": 0.5438524484634399, "ct_loss": 0.3822948932647705, "init_py_loss": 0.3344411551952362, "coarse_py_loss": 0.24134497344493866, "py_loss_1": 0.12197721004486084, "_timestamp": 1654848542, "_runtime": 73074, "_step": 39619, "lr": 1.25e-05}