{"loss": 55.608909606933594, "ct_loss": 38.09254837036133, "init_py_loss": 20.20592498779297, "coarse_py_loss": 20.21172332763672, "py_loss_1": 20.211889266967773, "_timestamp": 1653744908, "_runtime": 9, "_step": 0, "_wandb": {"runtime": 8}}