{"loss": 11.617353439331055, "ct_loss": 2.495271921157837, "init_py_loss": 11.312126159667969, "coarse_py_loss": 8.52639389038086, "py_loss_1": 8.565008163452148, "_timestamp": 1653744798, "_runtime": 103, "_step": 66, "lr": 0.0001}