{"loss": 0.2830655872821808, "ct_loss": 0.08970912545919418, "init_py_loss": 0.2693851888179779, "coarse_py_loss": 0.23792493343353271, "py_loss_1": 0.16687946021556854, "_timestamp": 1655930299, "_runtime": 63478, "_step": 35199, "lr": 1e-05, "_wandb": {"runtime": 63505}}