{"loss": 0.5548810958862305, "ct_loss": 0.015662070363759995, "init_py_loss": 1.060620665550232, "coarse_py_loss": 0.5587577819824219, "py_loss_1": 0.46112197637557983, "_timestamp": 1654892494, "_runtime": 12997, "_step": 7199, "lr": 1.25e-05, "_wandb": {"runtime": 13004}}