{"loss": 1.5236953496932983, "ct_loss": 0.5170571804046631, "init_py_loss": 1.3819406032562256, "coarse_py_loss": 1.044301986694336, "py_loss_1": 0.9923686981201172, "_timestamp": 1654772718, "_runtime": 4351, "_step": 3255, "lr": 0.0001}