{"loss": 4.767238616943359, "ct_loss": 1.7757854461669922, "init_py_loss": 4.418491840362549, "coarse_py_loss": 3.806781768798828, "py_loss_1": 3.1789796352386475, "_timestamp": 1654848830, "_runtime": 104, "_step": 54, "lr": 0.0001}