{"loss": 15.231988906860352, "ct_loss": 8.455618858337402, "init_py_loss": 9.195502281188965, "coarse_py_loss": 7.644824028015137, "py_loss_1": 7.637332916259766, "_timestamp": 1654774767, "_runtime": 15, "_step": 4}